K,MSE,R2_Score
3,0.1606311390517379,0.7506449431255329
5,0.1668102589759101,0.7410528129244899
7,0.18523003285901402,0.7124589562703525
