Model,MSE,R2_Score
Polynomial Degree 2,0.26509454451202913,0.5884816255793537
Polynomial Degree 3,0.1765779208170297,0.7258900251343936
